{"n_covariates": 3, "n_sim": 1000, "n_train": 1000, "n": 1429, "B_RF": 1000, "B_1": 200, "seed": 42, "X_pred_point": "[40  1 80]", "shape_weibull": 1, "data_generation_parameter_0_1": "{'shape_weibull': 1, 'p_1': -0.4, 'p_2': -0.2, 'p_3': -0.1, 'n': 1429, 'scale_weibull_base': 8560000000000, 'rate_censoring': 0.006111, 'tau': 20, 'X_pred_point':    X_1  X_2  X_3\n0   40    1   80}", "data_generation_parameter_0_3": "{'shape_weibull': 1, 'p_1': -0.4, 'p_2': -0.2, 'p_3': -0.1, 'n': 1429, 'scale_weibull_base': 7000000000000, 'rate_censoring': 0.02148, 'tau': 20, 'X_pred_point':    X_1  X_2  X_3\n0   40    1   80}", "data_generation_parameter_0_5": "{'shape_weibull': 1, 'p_1': -0.4, 'p_2': -0.2, 'p_3': -0.1, 'n': 1429, 'scale_weibull_base': 5329174608059, 'rate_censoring': 0.04477, 'tau': 20, 'X_pred_point':    X_1  X_2  X_3\n0   40    1   80}", "params_rf": "{'n_estimators': 1000, 'max_depth': 4, 'min_samples_split': 5, 'max_features': 'log2', 'random_state': 42, 'weighted_bootstrapping': True}", "portion_zero_weights_train[1,3,5]": [0.1, 0.3, 0.5], "portion_seen_events_train[1,3,5]": [0.2, 0.2, 0.2], "true_survival_probability[1,3,5]": [0.9271933180896657, 0.911704206349469, 0.8856603486331387], "wb_test_mse_ipcw[1,3,5]": [0.08391104943923769, 0.0881832939404482, 0.09446295265775875], "rf_test_mse_ipcw[1,3,5]": [0.09806438304007163, 0.1043980969567281, 0.1142885970355033]}